355,387
297,299,314,315,324,325,330,331,336,352,354,357,363,364,365,368,370,375,376,377,380,386,391,667,670
348,398
661,671
292,360,381,674
341,369
333,664,673
295,337,372
665
294,339
349,399
288,291,309,310,658
319,327,328
289,659
287,311,657
307,347
361,374,388
308,351,382
322,329
350,400,666,672,675
367
316,318,320,321,326,358,359
342,677
313,669
303,332,384
304,353
290,298,300,302,312,346,385,660,668
362,378,379
394,397
356,366
662
335,338
371,389,663
383,392,395
293,296,306,340,343,344,373,676
317,323
301
305,334,390
345
393,396
